,vax_prod,mmwr_wk,age_grpF,doseInt3,n,week_date,denom,rate,doseInt3F
1,Moderna,15,18-49,1,1,Apr 11-Apr 17,17385,5.752085131,17-23 days
2,Moderna,15,18-49,2,30,Apr 11-Apr 17,2816165,1.06527849,24-30 days
3,Moderna,15,18-49,3,2,Apr 11-Apr 17,353550,0.56569085,31-37 days
4,Moderna,15,18-49,4,1,Apr 11-Apr 17,76098,1.314094983,>37 days
5,Moderna,15,50-64,1,1,Apr 11-Apr 17,16553,6.041200991,17-23 days
6,Moderna,15,50-64,2,17,Apr 11-Apr 17,2174011,0.781964765,24-30 days
7,Moderna,15,50-64,3,1,Apr 11-Apr 17,236498,0.422836557,31-37 days
8,Moderna,15,65+,2,33,Apr 11-Apr 17,6723028,0.490850254,24-30 days
9,Moderna,15,65+,3,6,Apr 11-Apr 17,807111,0.743392173,31-37 days
10,Moderna,15,65+,4,1,Apr 11-Apr 17,129375,0.77294686,>37 days
11,Moderna,16,18-49,2,39,Apr 18-Apr 24,3373371,1.156113573,24-30 days
12,Moderna,16,18-49,3,5,Apr 18-Apr 24,417488,1.197639214,31-37 days
13,Moderna,16,50-64,2,19,Apr 18-Apr 24,2772132,0.685393048,24-30 days
14,Moderna,16,50-64,3,3,Apr 18-Apr 24,298910,1.003646583,31-37 days
15,Moderna,16,50-64,4,2,Apr 18-Apr 24,49046,4.07780451,>37 days
16,Moderna,16,65+,2,44,Apr 18-Apr 24,7400039,0.594591461,24-30 days
17,Moderna,16,65+,3,4,Apr 18-Apr 24,897550,0.445657624,31-37 days
18,Moderna,17,18-49,0,2,Apr 25-May 01,35003,5.71379596,<17 days
19,Moderna,17,18-49,2,50,Apr 25-May 01,4063367,1.230506622,24-30 days
20,Moderna,17,18-49,3,6,Apr 25-May 01,502304,1.194495764,31-37 days
21,Moderna,17,18-49,4,2,Apr 25-May 01,95728,2.089252883,>37 days
22,Moderna,17,50-64,2,35,Apr 25-May 01,3543212,0.987804286,24-30 days
23,Moderna,17,50-64,3,2,Apr 25-May 01,384601,0.520019449,31-37 days
24,Moderna,17,50-64,4,1,Apr 25-May 01,58618,1.705960626,>37 days
25,Moderna,17,65+,0,1,Apr 25-May 01,238274,0.419684901,<17 days
26,Moderna,17,65+,2,59,Apr 25-May 01,7844875,0.752083367,24-30 days
27,Moderna,17,65+,3,10,Apr 25-May 01,960263,1.041381372,31-37 days
28,Moderna,17,65+,4,1,Apr 25-May 01,160464,0.623192741,>37 days
29,Moderna,18,18-49,0,1,May 02-May 08,38972,2.565944781,<17 days
30,Moderna,18,18-49,1,1,May 02-May 08,26140,3.825554705,17-23 days
31,Moderna,18,18-49,2,42,May 02-May 08,4943714,0.849563709,24-30 days
32,Moderna,18,18-49,3,4,May 02-May 08,591418,0.676340592,31-37 days
33,Moderna,18,18-49,4,1,May 02-May 08,110097,0.908289962,>37 days
34,Moderna,18,50-64,0,1,May 02-May 08,44325,2.25606317,<17 days
35,Moderna,18,50-64,2,34,May 02-May 08,4464168,0.761620082,24-30 days
36,Moderna,18,50-64,3,4,May 02-May 08,480204,0.832979317,31-37 days
37,Moderna,18,65+,2,67,May 02-May 08,8183821,0.818688483,24-30 days
38,Moderna,18,65+,3,1,May 02-May 08,1002776,0.099723168,31-37 days
39,Moderna,18,65+,4,3,May 02-May 08,175625,1.708185053,>37 days
40,Moderna,19,18-49,0,1,May 09-May 15,41936,2.384586036,<17 days
41,Moderna,19,18-49,2,42,May 09-May 15,5845649,0.718483097,24-30 days
42,Moderna,19,18-49,3,2,May 09-May 15,686135,0.291487827,31-37 days
43,Moderna,19,18-49,4,2,May 09-May 15,126355,1.582841993,>37 days
44,Moderna,19,50-64,0,1,May 09-May 15,45838,2.181596056,<17 days
45,Moderna,19,50-64,2,21,May 09-May 15,5219091,0.402368918,24-30 days
46,Moderna,19,50-64,3,3,May 09-May 15,576690,0.520210165,31-37 days
47,Moderna,19,65+,2,55,May 09-May 15,8412877,0.653759707,24-30 days
48,Moderna,19,65+,3,10,May 09-May 15,1036259,0.965009713,31-37 days
49,Moderna,19,65+,4,1,May 09-May 15,187766,0.532577783,>37 days
50,Moderna,20,18-49,0,1,May 16-May 22,44455,2.249465752,<17 days
51,Moderna,20,18-49,2,48,May 16-May 22,6721111,0.714167643,24-30 days
52,Moderna,20,18-49,3,2,May 16-May 22,777677,0.25717618,31-37 days
53,Moderna,20,18-49,4,2,May 16-May 22,144517,1.383920231,>37 days
54,Moderna,20,50-64,1,1,May 16-May 22,29719,3.364850769,17-23 days
55,Moderna,20,50-64,2,31,May 16-May 22,5794131,0.535024148,24-30 days
56,Moderna,20,50-64,3,3,May 16-May 22,646781,0.463835518,31-37 days
57,Moderna,20,50-64,4,1,May 16-May 22,101371,0.986475422,>37 days
58,Moderna,20,65+,2,59,May 16-May 22,8577914,0.687812911,24-30 days
59,Moderna,20,65+,3,8,May 16-May 22,1058442,0.755827906,31-37 days
60,Moderna,21,18-49,2,23,May 23-May 29,7641092,0.301004097,24-30 days
61,Moderna,21,18-49,3,4,May 23-May 29,871417,0.459022489,31-37 days
62,Moderna,21,50-64,2,20,May 23-May 29,6252036,0.319895791,24-30 days
63,Moderna,21,50-64,3,3,May 23-May 29,697725,0.429968827,31-37 days
64,Moderna,21,50-64,4,1,May 23-May 29,115915,0.862701117,>37 days
65,Moderna,21,65+,1,1,May 23-May 29,48950,2.042900919,17-23 days
66,Moderna,21,65+,2,31,May 23-May 29,8717821,0.355593445,24-30 days
67,Moderna,21,65+,3,5,May 23-May 29,1074282,0.465427141,31-37 days
68,Moderna,21,65+,4,2,May 23-May 29,205675,0.972407925,>37 days
69,Moderna,22,18-49,2,22,May 30-Jun 05,8536357,0.25772118,24-30 days
70,Moderna,22,18-49,3,5,May 30-Jun 05,976117,0.512233677,31-37 days
71,Moderna,22,18-49,4,1,May 30-Jun 05,189163,0.528644608,>37 days
72,Moderna,22,50-64,2,23,May 30-Jun 05,6607779,0.348074595,24-30 days
73,Moderna,22,50-64,3,5,May 30-Jun 05,741811,0.674026133,31-37 days
74,Moderna,22,65+,2,44,May 30-Jun 05,8842347,0.497605443,24-30 days
75,Moderna,22,65+,3,4,May 30-Jun 05,1088739,0.367397512,31-37 days
76,Moderna,23,18-49,2,26,Jun 06-Jun 12,9281718,0.280120555,24-30 days
77,Moderna,23,18-49,3,2,Jun 06-Jun 12,1059834,0.188708798,31-37 days
78,Moderna,23,18-49,4,1,Jun 06-Jun 12,214680,0.465809577,>37 days
79,Moderna,23,50-64,2,18,Jun 06-Jun 12,6910022,0.260491211,24-30 days
80,Moderna,23,50-64,3,2,Jun 06-Jun 12,774997,0.258065515,31-37 days
81,Moderna,23,65+,2,22,Jun 06-Jun 12,8954106,0.245697337,24-30 days
82,Moderna,23,65+,3,4,Jun 06-Jun 12,1100267,0.363548121,31-37 days
83,Moderna,23,65+,4,2,Jun 06-Jun 12,219233,0.912271419,>37 days
84,Moderna,24,18-49,2,29,Jun 13-Jun 19,9729512,0.298062226,24-30 days
85,Moderna,24,18-49,3,2,Jun 13-Jun 19,1118712,0.178777022,31-37 days
86,Moderna,24,50-64,2,21,Jun 13-Jun 19,7102749,0.295660173,24-30 days
87,Moderna,24,50-64,3,2,Jun 13-Jun 19,799858,0.250044383,31-37 days
88,Moderna,24,65+,0,1,Jun 13-Jun 19,242183,0.412910898,<17 days
89,Moderna,24,65+,2,20,Jun 13-Jun 19,9031468,0.221447942,24-30 days
90,Moderna,24,65+,3,3,Jun 13-Jun 19,1108867,0.270546423,31-37 days
91,Moderna,24,65+,4,2,Jun 13-Jun 19,223840,0.893495354,>37 days
92,Moderna,25,18-49,2,27,Jun 20-Jun 26,10052492,0.268590117,24-30 days
93,Moderna,25,18-49,3,3,Jun 20-Jun 26,1175113,0.255294597,31-37 days
94,Moderna,25,50-64,2,14,Jun 20-Jun 26,7238787,0.193402569,24-30 days
95,Moderna,25,50-64,3,4,Jun 20-Jun 26,823128,0.485951152,31-37 days
96,Moderna,25,65+,2,30,Jun 20-Jun 26,9089810,0.330039902,24-30 days
97,Moderna,25,65+,3,3,Jun 20-Jun 26,1117832,0.268376643,31-37 days
98,Moderna,26,18-49,2,42,Jun 27-Jul 03,10359005,0.405444345,24-30 days
99,Moderna,26,18-49,3,5,Jun 27-Jul 03,1218183,0.410447363,31-37 days
100,Moderna,26,18-49,4,1,Jun 27-Jul 03,283906,0.352229259,>37 days
101,Moderna,26,50-64,2,27,Jun 27-Jul 03,7362740,0.366711306,24-30 days
102,Moderna,26,50-64,3,4,Jun 27-Jul 03,840739,0.47577191,31-37 days
103,Moderna,26,50-64,4,1,Jun 27-Jul 03,174018,0.574653197,>37 days
104,Moderna,26,65+,1,1,Jun 27-Jul 03,51220,1.952362358,17-23 days
105,Moderna,26,65+,2,32,Jun 27-Jul 03,9142120,0.350028221,24-30 days
106,Moderna,26,65+,3,8,Jun 27-Jul 03,1124781,0.711249568,31-37 days
107,Moderna,26,65+,4,4,Jun 27-Jul 03,233190,1.715339423,>37 days
108,Moderna,27,18-49,2,44,Jul 04-Jul 10,10563098,0.416544465,24-30 days
109,Moderna,27,18-49,3,6,Jul 04-Jul 10,1257786,0.477028684,31-37 days
110,Moderna,27,18-49,4,1,Jul 04-Jul 10,304414,0.328500003,>37 days
111,Moderna,27,50-64,2,34,Jul 04-Jul 10,7444814,0.456693747,24-30 days
112,Moderna,27,50-64,3,4,Jul 04-Jul 10,856948,0.46677278,31-37 days
113,Moderna,27,50-64,4,3,Jul 04-Jul 10,182976,1.639559286,>37 days
114,Moderna,27,65+,0,1,Jul 04-Jul 10,242618,0.412170573,<17 days
115,Moderna,27,65+,1,1,Jul 04-Jul 10,51482,1.942426479,17-23 days
116,Moderna,27,65+,2,41,Jul 04-Jul 10,9178226,0.446709419,24-30 days
117,Moderna,27,65+,3,7,Jul 04-Jul 10,1131480,0.618658748,31-37 days
118,Moderna,27,65+,4,2,Jul 04-Jul 10,237424,0.842374823,>37 days
119,Moderna,28,18-49,0,1,Jul 11-Jul 17,51110,1.956564273,<17 days
120,Moderna,28,18-49,2,101,Jul 11-Jul 17,10698086,0.944094112,24-30 days
121,Moderna,28,18-49,3,15,Jul 11-Jul 17,1288378,1.16425459,31-37 days
122,Moderna,28,18-49,4,2,Jul 11-Jul 17,324806,0.615752172,>37 days
123,Moderna,28,50-64,0,1,Jul 11-Jul 17,50722,1.971531091,<17 days
124,Moderna,28,50-64,2,54,Jul 11-Jul 17,7497733,0.720217698,24-30 days
125,Moderna,28,50-64,3,9,Jul 11-Jul 17,869845,1.034667096,31-37 days
126,Moderna,28,65+,2,87,Jul 11-Jul 17,9200890,0.945560701,24-30 days
127,Moderna,28,65+,3,17,Jul 11-Jul 17,1136800,1.495425757,31-37 days
128,Moderna,29,18-49,0,1,Jul 18-Jul 24,51362,1.946964682,<17 days
129,Moderna,29,18-49,2,179,Jul 18-Jul 24,10808333,1.656129581,24-30 days
130,Moderna,29,18-49,3,24,Jul 18-Jul 24,1306115,1.83751048,31-37 days
131,Moderna,29,18-49,4,2,Jul 18-Jul 24,340216,0.587861829,>37 days
132,Moderna,29,50-64,2,99,Jul 18-Jul 24,7540901,1.312840468,24-30 days
133,Moderna,29,50-64,3,13,Jul 18-Jul 24,876836,1.48260336,31-37 days
134,Moderna,29,50-64,4,5,Jul 18-Jul 24,198312,2.5212796,>37 days
135,Moderna,29,65+,2,129,Jul 18-Jul 24,9220950,1.398988174,24-30 days
136,Moderna,29,65+,3,19,Jul 18-Jul 24,1139673,1.667144874,31-37 days
137,Moderna,29,65+,4,3,Jul 18-Jul 24,244390,1.227546135,>37 days
138,Moderna,30,18-49,0,3,Jul 25-Jul 31,51596,5.814404217,<17 days
139,Moderna,30,18-49,2,313,Jul 25-Jul 31,10917100,2.867061765,24-30 days
140,Moderna,30,18-49,3,46,Jul 25-Jul 31,1326187,3.468590779,31-37 days
141,Moderna,30,18-49,4,4,Jul 25-Jul 31,356541,1.12189061,>37 days
142,Moderna,30,50-64,2,152,Jul 25-Jul 31,7582377,2.00464841,24-30 days
143,Moderna,30,50-64,3,22,Jul 25-Jul 31,884409,2.487536875,31-37 days
144,Moderna,30,50-64,4,1,Jul 25-Jul 31,205367,0.486933149,>37 days
145,Moderna,30,65+,0,2,Jul 25-Jul 31,242902,0.823377329,<17 days
146,Moderna,30,65+,1,2,Jul 25-Jul 31,51940,3.850596843,17-23 days
147,Moderna,30,65+,2,260,Jul 25-Jul 31,9239991,2.813855555,24-30 days
148,Moderna,30,65+,3,41,Jul 25-Jul 31,1142947,3.587217955,31-37 days
149,Moderna,30,65+,4,9,Jul 25-Jul 31,247723,3.633090185,>37 days
150,Moderna,31,18-49,0,5,Aug 01-Aug 07,51855,9.642271719,<17 days
151,Moderna,31,18-49,2,456,Aug 01-Aug 07,11011226,4.141228234,24-30 days
152,Moderna,31,18-49,3,61,Aug 01-Aug 07,1342237,4.54465195,31-37 days
153,Moderna,31,18-49,4,7,Aug 01-Aug 07,372919,1.877083227,>37 days
154,Moderna,31,50-64,2,253,Aug 01-Aug 07,7619461,3.320444845,24-30 days
155,Moderna,31,50-64,3,43,Aug 01-Aug 07,890792,4.82716504,31-37 days
156,Moderna,31,50-64,4,9,Aug 01-Aug 07,212192,4.241441713,>37 days
157,Moderna,31,65+,0,5,Aug 01-Aug 07,242995,2.057655507,<17 days
158,Moderna,31,65+,1,3,Aug 01-Aug 07,52083,5.760036864,17-23 days
159,Moderna,31,65+,2,382,Aug 01-Aug 07,9257237,4.126501244,24-30 days
160,Moderna,31,65+,3,60,Aug 01-Aug 07,1145585,5.237498745,31-37 days
161,Moderna,31,65+,4,8,Aug 01-Aug 07,251152,3.185322036,>37 days
162,Moderna,32,18-49,0,2,Aug 08-Aug 14,52214,3.830390317,<17 days
163,Moderna,32,18-49,2,612,Aug 08-Aug 14,11096978,5.515014989,24-30 days
164,Moderna,32,18-49,3,101,Aug 08-Aug 14,1358294,7.435798141,31-37 days
165,Moderna,32,18-49,4,23,Aug 08-Aug 14,390882,5.884128714,>37 days
166,Moderna,32,50-64,0,1,Aug 08-Aug 14,51434,1.944239219,<17 days
167,Moderna,32,50-64,1,1,Aug 08-Aug 14,38175,2.61951539,17-23 days
168,Moderna,32,50-64,2,357,Aug 08-Aug 14,7653628,4.664454557,24-30 days
169,Moderna,32,50-64,3,57,Aug 08-Aug 14,897035,6.354267113,31-37 days
170,Moderna,32,50-64,4,14,Aug 08-Aug 14,219690,6.372615959,>37 days
171,Moderna,32,65+,0,2,Aug 08-Aug 14,243146,0.82255106,<17 days
172,Moderna,32,65+,1,2,Aug 08-Aug 14,52216,3.830243603,17-23 days
173,Moderna,32,65+,2,495,Aug 08-Aug 14,9272978,5.338090956,24-30 days
174,Moderna,32,65+,3,94,Aug 08-Aug 14,1148335,8.185764607,31-37 days
175,Moderna,32,65+,4,16,Aug 08-Aug 14,254821,6.278917358,>37 days
176,Moderna,33,18-49,1,4,Aug 15-Aug 21,51509,7.76563319,17-23 days
177,Moderna,33,18-49,2,800,Aug 15-Aug 21,11167938,7.16336355,24-30 days
178,Moderna,33,18-49,3,93,Aug 15-Aug 21,1372960,6.773686051,31-37 days
179,Moderna,33,18-49,4,31,Aug 15-Aug 21,410497,7.551821329,>37 days
180,Moderna,33,50-64,0,4,Aug 15-Aug 21,51749,7.729617964,<17 days
181,Moderna,33,50-64,1,1,Aug 15-Aug 21,38458,2.600239222,17-23 days
182,Moderna,33,50-64,2,435,Aug 15-Aug 21,7682698,5.662073402,24-30 days
183,Moderna,33,50-64,3,77,Aug 15-Aug 21,902652,8.530419253,31-37 days
184,Moderna,33,50-64,4,22,Aug 15-Aug 21,227162,9.684718395,>37 days
185,Moderna,33,65+,0,7,Aug 15-Aug 21,243334,2.876704447,<17 days
186,Moderna,33,65+,1,2,Aug 15-Aug 21,52364,3.819417921,17-23 days
187,Moderna,33,65+,2,667,Aug 15-Aug 21,9286763,7.182265769,24-30 days
188,Moderna,33,65+,3,105,Aug 15-Aug 21,1150875,9.123492994,31-37 days
189,Moderna,33,65+,4,22,Aug 15-Aug 21,258546,8.509124102,>37 days
190,Moderna,34,18-49,0,3,Aug 22-Aug 28,53173,5.641961146,<17 days
191,Moderna,34,18-49,1,4,Aug 22-Aug 28,52306,7.647306236,17-23 days
192,Moderna,34,18-49,2,933,Aug 22-Aug 28,11246993,8.295550642,24-30 days
193,Moderna,34,18-49,3,142,Aug 22-Aug 28,1386686,10.24024184,31-37 days
194,Moderna,34,18-49,4,39,Aug 22-Aug 28,428633,9.098692821,>37 days
195,Moderna,34,50-64,0,4,Aug 22-Aug 28,52058,7.68373737,<17 days
196,Moderna,34,50-64,1,1,Aug 22-Aug 28,38779,2.578715284,17-23 days
197,Moderna,34,50-64,2,561,Aug 22-Aug 28,7715822,7.270774261,24-30 days
198,Moderna,34,50-64,3,108,Aug 22-Aug 28,908355,11.88962465,31-37 days
199,Moderna,34,50-64,4,18,Aug 22-Aug 28,233976,7.693096728,>37 days
200,Moderna,34,65+,0,4,Aug 22-Aug 28,243513,1.642622776,<17 days
201,Moderna,34,65+,1,6,Aug 22-Aug 28,52536,11.42074006,17-23 days
202,Moderna,34,65+,2,761,Aug 22-Aug 28,9302378,8.180703902,24-30 days
203,Moderna,34,65+,3,135,Aug 22-Aug 28,1153380,11.70472871,31-37 days
204,Moderna,34,65+,4,29,Aug 22-Aug 28,261915,11.07229445,>37 days
205,Moderna,35,18-49,0,5,Aug 29-Sep 04,53732,9.305441822,<17 days
206,Moderna,35,18-49,1,5,Aug 29-Sep 04,53263,9.387379607,17-23 days
207,Moderna,35,18-49,2,1070,Aug 29-Sep 04,11345698,9.430887372,24-30 days
208,Moderna,35,18-49,3,153,Aug 29-Sep 04,1402382,10.91000883,31-37 days
209,Moderna,35,18-49,4,45,Aug 29-Sep 04,446770,10.07229671,>37 days
210,Moderna,35,50-64,0,4,Aug 29-Sep 04,52389,7.635190593,<17 days
211,Moderna,35,50-64,1,7,Aug 29-Sep 04,39196,17.8589652,17-23 days
212,Moderna,35,50-64,2,600,Aug 29-Sep 04,7760173,7.731786392,24-30 days
213,Moderna,35,50-64,3,112,Aug 29-Sep 04,915075,12.23943393,31-37 days
214,Moderna,35,50-64,4,26,Aug 29-Sep 04,241578,10.76256944,>37 days
215,Moderna,35,65+,0,9,Aug 29-Sep 04,243703,3.693019782,<17 days
216,Moderna,35,65+,1,3,Aug 29-Sep 04,52725,5.689900427,17-23 days
217,Moderna,35,65+,2,883,Aug 29-Sep 04,9323182,9.471015368,24-30 days
218,Moderna,35,65+,3,155,Aug 29-Sep 04,1156348,13.4042693,31-37 days
219,Moderna,35,65+,4,24,Aug 29-Sep 04,267807,8.961677626,>37 days
220,Pfizer,15,18-49,1,62,Apr 11-Apr 17,4017195,1.543365458,17-23 days
221,Pfizer,15,18-49,2,2,Apr 11-Apr 17,399829,0.500213841,24-30 days
222,Pfizer,15,50-64,0,1,Apr 11-Apr 17,44420,2.251238181,<17 days
223,Pfizer,15,50-64,1,30,Apr 11-Apr 17,2908126,1.031592166,17-23 days
224,Pfizer,15,50-64,2,3,Apr 11-Apr 17,252980,1.185864495,24-30 days
225,Pfizer,15,65+,1,63,Apr 11-Apr 17,6899598,0.913096676,17-23 days
226,Pfizer,15,65+,3,1,Apr 11-Apr 17,96125,1.040312094,31-37 days
227,Pfizer,16,18-49,1,95,Apr 18-Apr 24,4866764,1.952015754,17-23 days
228,Pfizer,16,18-49,2,9,Apr 18-Apr 24,546887,1.645678175,24-30 days
229,Pfizer,16,18-49,3,1,Apr 18-Apr 24,57040,1.75315568,31-37 days
230,Pfizer,16,18-49,4,1,Apr 18-Apr 24,34855,2.869028834,>37 days
231,Pfizer,16,50-64,0,1,Apr 18-Apr 24,51550,1.93986421,<17 days
232,Pfizer,16,50-64,1,55,Apr 18-Apr 24,3783494,1.45368276,17-23 days
233,Pfizer,16,50-64,2,5,Apr 18-Apr 24,381942,1.309099287,24-30 days
234,Pfizer,16,65+,1,81,Apr 18-Apr 24,7297906,1.109907417,17-23 days
235,Pfizer,16,65+,2,15,Apr 18-Apr 24,916306,1.637007724,24-30 days
236,Pfizer,16,65+,4,1,Apr 18-Apr 24,48290,2.070822116,>37 days
237,Pfizer,17,18-49,0,2,Apr 25-May 01,60592,3.300765778,<17 days
238,Pfizer,17,18-49,1,104,Apr 25-May 01,5881257,1.768329457,17-23 days
239,Pfizer,17,18-49,2,12,Apr 25-May 01,751046,1.597771641,24-30 days
240,Pfizer,17,18-49,3,2,Apr 25-May 01,71836,2.784119383,31-37 days
241,Pfizer,17,50-64,0,1,Apr 25-May 01,56006,1.78552298,<17 days
242,Pfizer,17,50-64,1,82,Apr 25-May 01,4783960,1.714061154,17-23 days
243,Pfizer,17,50-64,2,5,Apr 25-May 01,567971,0.880326636,24-30 days
244,Pfizer,17,50-64,4,1,Apr 25-May 01,23539,4.24826883,>37 days
245,Pfizer,17,65+,1,99,Apr 25-May 01,7593267,1.303786631,17-23 days
246,Pfizer,17,65+,2,11,Apr 25-May 01,986112,1.115491952,24-30 days
247,Pfizer,17,65+,3,1,Apr 25-May 01,122386,0.817086922,31-37 days
248,Pfizer,18,18-49,1,98,May 02-May 08,7151094,1.370419687,17-23 days
249,Pfizer,18,18-49,2,9,May 02-May 08,1011246,0.889991159,24-30 days
250,Pfizer,18,18-49,3,1,May 02-May 08,92534,1.080683857,31-37 days
251,Pfizer,18,50-64,0,1,May 02-May 08,59509,1.680418088,<17 days
252,Pfizer,18,50-64,1,59,May 02-May 08,5755690,1.02507258,17-23 days
253,Pfizer,18,50-64,2,6,May 02-May 08,786447,0.762924901,24-30 days
254,Pfizer,18,50-64,3,1,May 02-May 08,72068,1.387578398,31-37 days
255,Pfizer,18,65+,1,99,May 02-May 08,7817406,1.266404738,17-23 days
256,Pfizer,18,65+,2,18,May 02-May 08,1043698,1.72463682,24-30 days
257,Pfizer,18,65+,3,2,May 02-May 08,132720,1.506931887,31-37 days
258,Pfizer,18,65+,4,2,May 02-May 08,60476,3.30709703,>37 days
259,Pfizer,19,18-49,0,1,May 09-May 15,73213,1.365877645,<17 days
260,Pfizer,19,18-49,1,91,May 09-May 15,8682910,1.048035739,17-23 days
261,Pfizer,19,18-49,2,4,May 09-May 15,1304381,0.306658867,24-30 days
262,Pfizer,19,18-49,3,3,May 09-May 15,115634,2.594392653,31-37 days
263,Pfizer,19,50-64,1,67,May 09-May 15,6606309,1.014182049,17-23 days
264,Pfizer,19,50-64,2,2,May 09-May 15,983072,0.203443898,24-30 days
265,Pfizer,19,50-64,4,1,May 09-May 15,35690,2.801905296,>37 days
266,Pfizer,19,65+,1,115,May 09-May 15,8000550,1.437401179,17-23 days
267,Pfizer,19,65+,2,17,May 09-May 15,1086397,1.564805499,24-30 days
268,Pfizer,19,65+,3,5,May 09-May 15,140825,3.550505947,31-37 days
269,Pfizer,19,65+,4,1,May 09-May 15,66585,1.501839754,>37 days
270,Pfizer,20,18-49,0,2,May 16-May 22,78398,2.551085487,<17 days
271,Pfizer,20,18-49,1,98,May 16-May 22,10427636,0.939810327,17-23 days
272,Pfizer,20,18-49,2,15,May 16-May 22,1634163,0.917901091,24-30 days
273,Pfizer,20,50-64,0,2,May 16-May 22,63862,3.131752842,<17 days
274,Pfizer,20,50-64,1,40,May 16-May 22,7280218,0.549434097,17-23 days
275,Pfizer,20,50-64,2,4,May 16-May 22,1150352,0.347719655,24-30 days
276,Pfizer,20,50-64,3,1,May 16-May 22,120131,0.832424603,31-37 days
277,Pfizer,20,65+,1,74,May 16-May 22,8160828,0.906770735,17-23 days
278,Pfizer,20,65+,2,12,May 16-May 22,1123644,1.067953907,24-30 days
279,Pfizer,20,65+,3,4,May 16-May 22,147195,2.71748361,31-37 days
280,Pfizer,20,65+,4,1,May 16-May 22,72154,1.38592455,>37 days
281,Pfizer,21,18-49,1,68,May 23-May 29,11953653,0.568863761,17-23 days
282,Pfizer,21,18-49,2,13,May 23-May 29,1861096,0.698513134,24-30 days
283,Pfizer,21,18-49,3,1,May 23-May 29,172174,0.580807787,31-37 days
284,Pfizer,21,50-64,1,37,May 23-May 29,7741208,0.477961579,17-23 days
285,Pfizer,21,50-64,2,8,May 23-May 29,1232518,0.649077742,24-30 days
286,Pfizer,21,50-64,3,1,May 23-May 29,135893,0.735873077,31-37 days
287,Pfizer,21,50-64,4,1,May 23-May 29,52535,1.903492909,>37 days
288,Pfizer,21,65+,1,81,May 23-May 29,8293321,0.976689555,17-23 days
289,Pfizer,21,65+,2,10,May 23-May 29,1144024,0.874107536,24-30 days
290,Pfizer,21,65+,3,1,May 23-May 29,150890,0.662734442,31-37 days
291,Pfizer,22,18-49,0,1,May 30-Jun 05,84499,1.183445958,<17 days
292,Pfizer,22,18-49,1,59,May 30-Jun 05,13054970,0.451935163,17-23 days
293,Pfizer,22,18-49,2,11,May 30-Jun 05,2002825,0.549224221,24-30 days
294,Pfizer,22,18-49,3,1,May 30-Jun 05,204567,0.488837398,31-37 days
295,Pfizer,22,18-49,4,1,May 30-Jun 05,92043,1.086448725,>37 days
296,Pfizer,22,50-64,1,36,May 30-Jun 05,8090891,0.444944815,17-23 days
297,Pfizer,22,50-64,2,6,May 30-Jun 05,1275812,0.470288726,24-30 days
298,Pfizer,22,50-64,3,3,May 30-Jun 05,148986,2.013612017,31-37 days
299,Pfizer,22,65+,1,37,May 30-Jun 05,8403925,0.440270469,17-23 days
300,Pfizer,22,65+,2,9,May 30-Jun 05,1156301,0.778344047,24-30 days
301,Pfizer,22,65+,3,3,May 30-Jun 05,154360,1.943508681,31-37 days
302,Pfizer,23,18-49,0,2,Jun 06-Jun 12,86497,2.312218921,<17 days
303,Pfizer,23,18-49,1,45,Jun 06-Jun 12,13761242,0.327005368,17-23 days
304,Pfizer,23,18-49,2,5,Jun 06-Jun 12,2099383,0.238165213,24-30 days
305,Pfizer,23,18-49,3,1,Jun 06-Jun 12,231176,0.432570855,31-37 days
306,Pfizer,23,50-64,1,33,Jun 06-Jun 12,8323806,0.396453257,17-23 days
307,Pfizer,23,50-64,2,2,Jun 06-Jun 12,1306085,0.153129391,24-30 days
308,Pfizer,23,50-64,3,3,Jun 06-Jun 12,157821,1.900887715,31-37 days
309,Pfizer,23,65+,1,51,Jun 06-Jun 12,8483360,0.601176892,17-23 days
310,Pfizer,23,65+,2,8,Jun 06-Jun 12,1165368,0.686478434,24-30 days
311,Pfizer,23,65+,3,6,Jun 06-Jun 12,156941,3.823092755,31-37 days
312,Pfizer,23,65+,4,1,Jun 06-Jun 12,84437,1.184314933,>37 days
313,Pfizer,24,18-49,0,1,Jun 13-Jun 19,87983,1.136583204,<17 days
314,Pfizer,24,18-49,1,50,Jun 13-Jun 19,14194086,0.352259385,17-23 days
315,Pfizer,24,18-49,2,4,Jun 13-Jun 19,2160448,0.185146784,24-30 days
316,Pfizer,24,18-49,3,3,Jun 13-Jun 19,248784,1.205865329,31-37 days
317,Pfizer,24,50-64,0,2,Jun 13-Jun 19,67551,2.96072597,<17 days
318,Pfizer,24,50-64,1,32,Jun 13-Jun 19,8468167,0.377885793,17-23 days
319,Pfizer,24,50-64,2,7,Jun 13-Jun 19,1325399,0.528142846,24-30 days
320,Pfizer,24,50-64,3,2,Jun 13-Jun 19,163370,1.224214972,31-37 days
321,Pfizer,24,65+,1,38,Jun 13-Jun 19,8538175,0.445059981,17-23 days
322,Pfizer,24,65+,2,8,Jun 13-Jun 19,1171474,0.682900346,24-30 days
323,Pfizer,24,65+,3,1,Jun 13-Jun 19,158711,0.63007605,31-37 days
324,Pfizer,24,65+,4,1,Jun 13-Jun 19,87056,1.148685903,>37 days
325,Pfizer,25,18-49,0,1,Jun 20-Jun 26,89500,1.117318436,<17 days
326,Pfizer,25,18-49,1,49,Jun 20-Jun 26,14677937,0.33383438,17-23 days
327,Pfizer,25,18-49,2,9,Jun 20-Jun 26,2218251,0.405725051,24-30 days
328,Pfizer,25,18-49,3,1,Jun 20-Jun 26,263540,0.37944904,31-37 days
329,Pfizer,25,18-49,4,1,Jun 20-Jun 26,138226,0.723452896,>37 days
330,Pfizer,25,50-64,0,2,Jun 20-Jun 26,68136,2.935305859,<17 days
331,Pfizer,25,50-64,1,43,Jun 20-Jun 26,8620309,0.498822026,17-23 days
332,Pfizer,25,50-64,2,5,Jun 20-Jun 26,1342767,0.372365422,24-30 days
333,Pfizer,25,50-64,3,4,Jun 20-Jun 26,167918,2.38211508,31-37 days
334,Pfizer,25,65+,0,1,Jun 20-Jun 26,99893,1.001071146,<17 days
335,Pfizer,25,65+,1,48,Jun 20-Jun 26,8593659,0.558551369,17-23 days
336,Pfizer,25,65+,2,16,Jun 20-Jun 26,1177585,1.358712959,24-30 days
337,Pfizer,25,65+,3,1,Jun 20-Jun 26,160170,0.624336642,31-37 days
338,Pfizer,25,65+,4,3,Jun 20-Jun 26,89829,3.339678723,>37 days
339,Pfizer,26,18-49,0,1,Jun 27-Jul 03,90663,1.102985783,<17 days
340,Pfizer,26,18-49,1,99,Jun 27-Jul 03,15166424,0.652757697,17-23 days
341,Pfizer,26,18-49,2,10,Jun 27-Jul 03,2279736,0.438647282,24-30 days
342,Pfizer,26,18-49,3,3,Jun 27-Jul 03,276730,1.084089184,31-37 days
343,Pfizer,26,18-49,4,1,Jun 27-Jul 03,153292,0.652349764,>37 days
344,Pfizer,26,50-64,0,3,Jun 27-Jul 03,68579,4.37451698,<17 days
345,Pfizer,26,50-64,1,48,Jun 27-Jul 03,8767598,0.547470356,17-23 days
346,Pfizer,26,50-64,2,16,Jun 27-Jul 03,1361032,1.175578532,24-30 days
347,Pfizer,26,50-64,3,1,Jun 27-Jul 03,172173,0.580811161,31-37 days
348,Pfizer,26,50-64,4,1,Jun 27-Jul 03,86074,1.161791017,>37 days
349,Pfizer,26,65+,1,59,Jun 27-Jul 03,8646976,0.682319461,17-23 days
350,Pfizer,26,65+,2,9,Jun 27-Jul 03,1183552,0.760422863,24-30 days
351,Pfizer,26,65+,4,1,Jun 27-Jul 03,92471,1.081420121,>37 days
352,Pfizer,27,18-49,1,137,Jul 04-Jul 10,15485486,0.884699389,17-23 days
353,Pfizer,27,18-49,2,14,Jul 04-Jul 10,2332059,0.600327865,24-30 days
354,Pfizer,27,18-49,3,5,Jul 04-Jul 10,291828,1.713337994,31-37 days
355,Pfizer,27,18-49,4,1,Jul 04-Jul 10,167804,0.595933351,>37 days
356,Pfizer,27,50-64,1,101,Jul 04-Jul 10,8864535,1.139371665,17-23 days
357,Pfizer,27,50-64,2,9,Jul 04-Jul 10,1376201,0.653974238,24-30 days
358,Pfizer,27,50-64,3,6,Jul 04-Jul 10,176777,3.394106699,31-37 days
359,Pfizer,27,50-64,4,1,Jul 04-Jul 10,91426,1.093780763,>37 days
360,Pfizer,27,65+,1,73,Jul 04-Jul 10,8681684,0.840850692,17-23 days
361,Pfizer,27,65+,2,29,Jul 04-Jul 10,1188468,2.440116183,24-30 days
362,Pfizer,27,65+,3,5,Jul 04-Jul 10,163149,3.064683204,31-37 days
363,Pfizer,27,65+,4,1,Jul 04-Jul 10,94943,1.053263537,>37 days
364,Pfizer,28,18-49,0,4,Jul 11-Jul 17,92783,4.311134583,<17 days
365,Pfizer,28,18-49,1,251,Jul 11-Jul 17,15764565,1.592178408,17-23 days
366,Pfizer,28,18-49,2,50,Jul 11-Jul 17,2368682,2.110878539,24-30 days
367,Pfizer,28,18-49,3,1,Jul 11-Jul 17,306470,0.326296212,31-37 days
368,Pfizer,28,18-49,4,6,Jul 11-Jul 17,183588,3.268187463,>37 days
369,Pfizer,28,50-64,0,2,Jul 11-Jul 17,69410,2.881429189,<17 days
370,Pfizer,28,50-64,1,147,Jul 11-Jul 17,8949865,1.642482875,17-23 days
371,Pfizer,28,50-64,2,16,Jul 11-Jul 17,1386556,1.153938247,24-30 days
372,Pfizer,28,50-64,3,2,Jul 11-Jul 17,180950,1.105277701,31-37 days
373,Pfizer,28,65+,0,1,Jul 11-Jul 17,100437,0.995649014,<17 days
374,Pfizer,28,65+,1,148,Jul 11-Jul 17,8713964,1.698423358,17-23 days
375,Pfizer,28,65+,2,34,Jul 11-Jul 17,1191747,2.852954528,24-30 days
376,Pfizer,28,65+,3,2,Jul 11-Jul 17,164561,1.215354792,31-37 days
377,Pfizer,29,18-49,0,3,Jul 18-Jul 24,93776,3.199112779,<17 days
378,Pfizer,29,18-49,1,436,Jul 18-Jul 24,15976394,2.729026337,17-23 days
379,Pfizer,29,18-49,2,87,Jul 18-Jul 24,2399499,3.625756877,24-30 days
380,Pfizer,29,18-49,3,10,Jul 18-Jul 24,315017,3.174431856,31-37 days
381,Pfizer,29,18-49,4,7,Jul 18-Jul 24,196731,3.558158094,>37 days
382,Pfizer,29,50-64,0,4,Jul 18-Jul 24,69770,5.733123119,<17 days
383,Pfizer,29,50-64,1,268,Jul 18-Jul 24,9016707,2.972260272,17-23 days
384,Pfizer,29,50-64,2,40,Jul 18-Jul 24,1395622,2.866105579,24-30 days
385,Pfizer,29,50-64,3,10,Jul 18-Jul 24,183320,5.454942178,31-37 days
386,Pfizer,29,50-64,4,2,Jul 18-Jul 24,101741,1.965775843,>37 days
387,Pfizer,29,65+,0,2,Jul 18-Jul 24,100629,1.987498634,<17 days
388,Pfizer,29,65+,1,239,Jul 18-Jul 24,8740844,2.734289732,17-23 days
389,Pfizer,29,65+,2,54,Jul 18-Jul 24,1194777,4.519671872,24-30 days
390,Pfizer,29,65+,3,10,Jul 18-Jul 24,165281,6.050302213,31-37 days
391,Pfizer,30,18-49,0,6,Jul 25-Jul 31,94619,6.341221108,<17 days
392,Pfizer,30,18-49,1,723,Jul 25-Jul 31,16196110,4.464034882,17-23 days
393,Pfizer,30,18-49,2,125,Jul 25-Jul 31,2437488,5.128230375,24-30 days
394,Pfizer,30,18-49,3,17,Jul 25-Jul 31,325049,5.229980711,31-37 days
395,Pfizer,30,18-49,4,6,Jul 25-Jul 31,211469,2.837295301,>37 days
396,Pfizer,30,50-64,0,1,Jul 25-Jul 31,70120,1.42612664,<17 days
397,Pfizer,30,50-64,1,419,Jul 25-Jul 31,9086377,4.611298871,17-23 days
398,Pfizer,30,50-64,2,72,Jul 25-Jul 31,1406738,5.118223863,24-30 days
399,Pfizer,30,50-64,3,14,Jul 25-Jul 31,186073,7.523928781,31-37 days
400,Pfizer,30,50-64,4,4,Jul 25-Jul 31,106725,3.74795034,>37 days
401,Pfizer,30,65+,0,2,Jul 25-Jul 31,100787,1.984382907,<17 days
402,Pfizer,30,65+,1,404,Jul 25-Jul 31,8768912,4.607185019,17-23 days
403,Pfizer,30,65+,2,72,Jul 25-Jul 31,1198634,6.006837784,24-30 days
404,Pfizer,30,65+,3,16,Jul 25-Jul 31,166174,9.628461733,31-37 days
405,Pfizer,30,65+,4,6,Jul 25-Jul 31,101089,5.935363887,>37 days
406,Pfizer,31,18-49,0,5,Aug 01-Aug 07,95354,5.243618516,<17 days
407,Pfizer,31,18-49,1,1075,Aug 01-Aug 07,16410978,6.550493213,17-23 days
408,Pfizer,31,18-49,2,189,Aug 01-Aug 07,2470394,7.650601483,24-30 days
409,Pfizer,31,18-49,3,30,Aug 01-Aug 07,334682,8.963732737,31-37 days
410,Pfizer,31,18-49,4,11,Aug 01-Aug 07,227183,4.841911587,>37 days
411,Pfizer,31,50-64,0,4,Aug 01-Aug 07,70467,5.676415911,<17 days
412,Pfizer,31,50-64,1,580,Aug 01-Aug 07,9154628,6.33559332,17-23 days
413,Pfizer,31,50-64,2,119,Aug 01-Aug 07,1416972,8.398189943,24-30 days
414,Pfizer,31,50-64,3,26,Aug 01-Aug 07,188799,13.77125938,31-37 days
415,Pfizer,31,50-64,4,4,Aug 01-Aug 07,112152,3.566588202,>37 days
416,Pfizer,31,65+,0,4,Aug 01-Aug 07,100941,3.962710891,<17 days
417,Pfizer,31,65+,1,644,Aug 01-Aug 07,8795468,7.321952624,17-23 days
418,Pfizer,31,65+,2,120,Aug 01-Aug 07,1202338,9.980554553,24-30 days
419,Pfizer,31,65+,3,23,Aug 01-Aug 07,167179,13.7577088,31-37 days
420,Pfizer,31,65+,4,6,Aug 01-Aug 07,103267,5.810181374,>37 days
421,Pfizer,32,18-49,0,2,Aug 08-Aug 14,96207,2.078850811,<17 days
422,Pfizer,32,18-49,1,1349,Aug 08-Aug 14,16591671,8.130585521,17-23 days
423,Pfizer,32,18-49,2,229,Aug 08-Aug 14,2504096,9.145016804,24-30 days
424,Pfizer,32,18-49,3,30,Aug 08-Aug 14,344610,8.705493166,31-37 days
425,Pfizer,32,18-49,4,13,Aug 08-Aug 14,246126,5.281847509,>37 days
426,Pfizer,32,50-64,0,3,Aug 08-Aug 14,70840,4.234895539,<17 days
427,Pfizer,32,50-64,1,799,Aug 08-Aug 14,9212460,8.673036301,17-23 days
428,Pfizer,32,50-64,2,140,Aug 08-Aug 14,1426970,9.810998129,24-30 days
429,Pfizer,32,50-64,3,36,Aug 08-Aug 14,191668,18.78247803,31-37 days
430,Pfizer,32,50-64,4,9,Aug 08-Aug 14,118505,7.594616261,>37 days
431,Pfizer,32,65+,0,9,Aug 08-Aug 14,101090,8.90295776,<17 days
432,Pfizer,32,65+,1,825,Aug 08-Aug 14,8818945,9.354860474,17-23 days
433,Pfizer,32,65+,2,129,Aug 08-Aug 14,1205717,10.69902805,24-30 days
434,Pfizer,32,65+,3,31,Aug 08-Aug 14,168098,18.44162334,31-37 days
435,Pfizer,32,65+,4,10,Aug 08-Aug 14,105842,9.448045199,>37 days
436,Pfizer,33,18-49,0,8,Aug 15-Aug 21,97402,8.213383709,<17 days
437,Pfizer,33,18-49,1,1753,Aug 15-Aug 21,16786345,10.44301186,17-23 days
438,Pfizer,33,18-49,2,309,Aug 15-Aug 21,2532481,12.20147357,24-30 days
439,Pfizer,33,18-49,3,47,Aug 15-Aug 21,354192,13.26963907,31-37 days
440,Pfizer,33,18-49,4,18,Aug 15-Aug 21,267864,6.719827972,>37 days
441,Pfizer,33,50-64,0,5,Aug 15-Aug 21,71344,7.008297825,<17 days
442,Pfizer,33,50-64,1,1028,Aug 15-Aug 21,9274753,11.08385312,17-23 days
443,Pfizer,33,50-64,2,175,Aug 15-Aug 21,1435307,12.19251352,24-30 days
444,Pfizer,33,50-64,3,33,Aug 15-Aug 21,194402,16.975134,31-37 days
445,Pfizer,33,50-64,4,11,Aug 15-Aug 21,125223,8.784328757,>37 days
446,Pfizer,33,65+,0,7,Aug 15-Aug 21,101351,6.90669061,<17 days
447,Pfizer,33,65+,1,1095,Aug 15-Aug 21,8844493,12.3805853,17-23 days
448,Pfizer,33,65+,2,202,Aug 15-Aug 21,1208718,16.71192123,24-30 days
449,Pfizer,33,65+,3,61,Aug 15-Aug 21,169070,36.07973029,31-37 days
450,Pfizer,33,65+,4,12,Aug 15-Aug 21,108624,11.04728237,>37 days
451,Pfizer,34,18-49,0,8,Aug 22-Aug 28,98675,8.10742336,<17 days
452,Pfizer,34,18-49,1,1972,Aug 22-Aug 28,17016915,11.58846947,17-23 days
453,Pfizer,34,18-49,2,311,Aug 22-Aug 28,2564411,12.12754118,24-30 days
454,Pfizer,34,18-49,3,57,Aug 22-Aug 28,362115,15.74085581,31-37 days
455,Pfizer,34,18-49,4,37,Aug 22-Aug 28,289232,12.79249876,>37 days
456,Pfizer,34,50-64,0,3,Aug 22-Aug 28,71865,4.174493843,<17 days
457,Pfizer,34,50-64,1,1155,Aug 22-Aug 28,9352477,12.3496695,17-23 days
458,Pfizer,34,50-64,2,197,Aug 22-Aug 28,1444834,13.63478434,24-30 days
459,Pfizer,34,50-64,3,65,Aug 22-Aug 28,196579,33.06558686,31-37 days
460,Pfizer,34,50-64,4,18,Aug 22-Aug 28,131621,13.67562927,>37 days
461,Pfizer,34,65+,0,10,Aug 22-Aug 28,101602,9.842325938,<17 days
462,Pfizer,34,65+,1,1231,Aug 22-Aug 28,8875828,13.8691286,17-23 days
463,Pfizer,34,65+,2,223,Aug 22-Aug 28,1211990,18.39949174,24-30 days
464,Pfizer,34,65+,3,45,Aug 22-Aug 28,169804,26.50114249,31-37 days
465,Pfizer,34,65+,4,18,Aug 22-Aug 28,111140,16.19578909,>37 days
466,Pfizer,35,18-49,0,10,Aug 29-Sep 04,99948,10.00520271,<17 days
467,Pfizer,35,18-49,1,2155,Aug 29-Sep 04,17337867,12.42944129,17-23 days
468,Pfizer,35,18-49,2,357,Aug 29-Sep 04,2605732,13.70056475,24-30 days
469,Pfizer,35,18-49,3,67,Aug 29-Sep 04,371260,18.04665194,31-37 days
470,Pfizer,35,18-49,4,32,Aug 29-Sep 04,310468,10.30702037,>37 days
471,Pfizer,35,50-64,0,14,Aug 29-Sep 04,72389,19.33995497,<17 days
472,Pfizer,35,50-64,1,1234,Aug 29-Sep 04,9463297,13.03985281,17-23 days
473,Pfizer,35,50-64,2,229,Aug 29-Sep 04,1458282,15.7034099,24-30 days
474,Pfizer,35,50-64,3,56,Aug 29-Sep 04,199275,28.10186928,31-37 days
475,Pfizer,35,50-64,4,20,Aug 29-Sep 04,138801,14.40911809,>37 days
476,Pfizer,35,65+,0,7,Aug 29-Sep 04,101877,6.871030753,<17 days
477,Pfizer,35,65+,1,1380,Aug 29-Sep 04,8918950,15.47267335,17-23 days
478,Pfizer,35,65+,2,276,Aug 29-Sep 04,1216684,22.68460833,24-30 days
479,Pfizer,35,65+,3,69,Aug 29-Sep 04,170796,40.39907258,31-37 days
480,Pfizer,35,65+,4,16,Aug 29-Sep 04,116622,13.71953834,>37 days
481,Moderna,15,18-49,0,0,Apr 11-Apr 17,28024,0,<17 days
482,Moderna,15,50-64,0,0,Apr 11-Apr 17,35531,0,<17 days
483,Moderna,15,50-64,4,0,Apr 11-Apr 17,43972,0,>37 days
484,Moderna,15,65+,0,0,Apr 11-Apr 17,234847,0,<17 days
485,Moderna,15,65+,1,0,Apr 11-Apr 17,41411,0,17-23 days
486,Pfizer,15,18-49,0,0,Apr 11-Apr 17,44709,0,<17 days
487,Pfizer,15,18-49,3,0,Apr 11-Apr 17,46144,0,31-37 days
488,Pfizer,15,18-49,4,0,Apr 11-Apr 17,31043,0,>37 days
489,Pfizer,15,50-64,3,0,Apr 11-Apr 17,26421,0,31-37 days
490,Pfizer,15,50-64,4,0,Apr 11-Apr 17,18069,0,>37 days
491,Pfizer,15,65+,0,0,Apr 11-Apr 17,91075,0,<17 days
492,Pfizer,15,65+,2,0,Apr 11-Apr 17,833204,0,24-30 days
493,Pfizer,15,65+,4,0,Apr 11-Apr 17,42389,0,>37 days
494,Moderna,16,18-49,0,0,Apr 18-Apr 24,31550,0,<17 days
495,Moderna,16,18-49,1,0,Apr 18-Apr 24,19922,0,17-23 days
496,Moderna,16,18-49,4,0,Apr 18-Apr 24,82863,0,>37 days
497,Moderna,16,50-64,0,0,Apr 18-Apr 24,39300,0,<17 days
498,Moderna,16,50-64,1,0,Apr 18-Apr 24,19709,0,17-23 days
499,Moderna,16,65+,0,0,Apr 18-Apr 24,236714,0,<17 days
500,Moderna,16,65+,1,0,Apr 18-Apr 24,43801,0,17-23 days
501,Moderna,16,65+,4,0,Apr 18-Apr 24,143463,0,>37 days
502,Pfizer,16,18-49,0,0,Apr 18-Apr 24,53473,0,<17 days
503,Pfizer,16,50-64,3,0,Apr 18-Apr 24,35586,0,31-37 days
504,Pfizer,16,50-64,4,0,Apr 18-Apr 24,20310,0,>37 days
505,Pfizer,16,65+,0,0,Apr 18-Apr 24,93527,0,<17 days
506,Pfizer,16,65+,3,0,Apr 18-Apr 24,109973,0,31-37 days
507,Moderna,17,18-49,1,0,Apr 25-May 01,22366,0,17-23 days
508,Moderna,17,50-64,0,0,Apr 25-May 01,42053,0,<17 days
509,Moderna,17,50-64,1,0,Apr 25-May 01,22597,0,17-23 days
510,Moderna,17,65+,1,0,Apr 25-May 01,45252,0,17-23 days
511,Pfizer,17,18-49,4,0,Apr 25-May 01,39927,0,>37 days
512,Pfizer,17,50-64,3,0,Apr 25-May 01,50606,0,31-37 days
513,Pfizer,17,65+,0,0,Apr 25-May 01,95253,0,<17 days
514,Pfizer,17,65+,4,0,Apr 25-May 01,54533,0,>37 days
515,Moderna,18,50-64,1,0,May 02-May 08,25669,0,17-23 days
516,Moderna,18,50-64,4,0,May 02-May 08,70750,0,>37 days
517,Moderna,18,65+,0,0,May 02-May 08,239347,0,<17 days
518,Moderna,18,65+,1,0,May 02-May 08,46542,0,17-23 days
519,Pfizer,18,18-49,0,0,May 02-May 08,67715,0,<17 days
520,Pfizer,18,18-49,4,0,May 02-May 08,46306,0,>37 days
521,Pfizer,18,50-64,4,0,May 02-May 08,28510,0,>37 days
522,Pfizer,18,65+,0,0,May 02-May 08,96542,0,<17 days
523,Moderna,19,18-49,1,0,May 09-May 15,29232,0,17-23 days
524,Moderna,19,50-64,1,0,May 09-May 15,27795,0,17-23 days
525,Moderna,19,50-64,4,0,May 09-May 15,85395,0,>37 days
526,Moderna,19,65+,0,0,May 09-May 15,240073,0,<17 days
527,Moderna,19,65+,1,0,May 09-May 15,47358,0,17-23 days
528,Pfizer,19,18-49,4,0,May 09-May 15,53984,0,>37 days
529,Pfizer,19,50-64,0,0,May 09-May 15,61928,0,<17 days
530,Pfizer,19,50-64,3,0,May 09-May 15,96102,0,31-37 days
531,Pfizer,19,65+,0,0,May 09-May 15,97358,0,<17 days
532,Moderna,20,18-49,1,0,May 16-May 22,32626,0,17-23 days
533,Moderna,20,50-64,0,0,May 16-May 22,47217,0,<17 days
534,Moderna,20,65+,0,0,May 16-May 22,240757,0,<17 days
535,Moderna,20,65+,1,0,May 16-May 22,48174,0,17-23 days
536,Moderna,20,65+,4,0,May 16-May 22,197785,0,>37 days
537,Pfizer,20,18-49,3,0,May 16-May 22,142351,0,31-37 days
538,Pfizer,20,18-49,4,0,May 16-May 22,63878,0,>37 days
539,Pfizer,20,50-64,4,0,May 16-May 22,44074,0,>37 days
540,Pfizer,20,65+,0,0,May 16-May 22,98113,0,<17 days
541,Moderna,21,18-49,0,0,May 23-May 29,46232,0,<17 days
542,Moderna,21,18-49,1,0,May 23-May 29,36664,0,17-23 days
543,Moderna,21,18-49,4,0,May 23-May 29,164315,0,>37 days
544,Moderna,21,50-64,0,0,May 23-May 29,48142,0,<17 days
545,Moderna,21,50-64,1,0,May 23-May 29,31652,0,17-23 days
546,Moderna,21,65+,0,0,May 23-May 29,241222,0,<17 days
547,Pfizer,21,18-49,0,0,May 23-May 29,81878,0,<17 days
548,Pfizer,21,18-49,4,0,May 23-May 29,75140,0,>37 days
549,Pfizer,21,50-64,0,0,May 23-May 29,65185,0,<17 days
550,Pfizer,21,65+,0,0,May 23-May 29,98665,0,<17 days
551,Pfizer,21,65+,4,0,May 23-May 29,76550,0,>37 days
552,Moderna,22,18-49,0,0,May 30-Jun 05,47825,0,<17 days
553,Moderna,22,18-49,1,0,May 30-Jun 05,39571,0,17-23 days
554,Moderna,22,50-64,0,0,May 30-Jun 05,48889,0,<17 days
555,Moderna,22,50-64,1,0,May 30-Jun 05,32913,0,17-23 days
556,Moderna,22,50-64,4,0,May 30-Jun 05,130729,0,>37 days
557,Moderna,22,65+,0,0,May 30-Jun 05,241629,0,<17 days
558,Moderna,22,65+,1,0,May 30-Jun 05,49548,0,17-23 days
559,Moderna,22,65+,4,0,May 30-Jun 05,212991,0,>37 days
560,Pfizer,22,50-64,0,0,May 30-Jun 05,66196,0,<17 days
561,Pfizer,22,50-64,4,0,May 30-Jun 05,61714,0,>37 days
562,Pfizer,22,65+,0,0,May 30-Jun 05,99087,0,<17 days
563,Pfizer,22,65+,4,0,May 30-Jun 05,80934,0,>37 days
564,Moderna,23,18-49,0,0,Jun 06-Jun 12,48815,0,<17 days
565,Moderna,23,18-49,1,0,Jun 06-Jun 12,41850,0,17-23 days
566,Moderna,23,50-64,0,0,Jun 06-Jun 12,49433,0,<17 days
567,Moderna,23,50-64,1,0,Jun 06-Jun 12,34093,0,17-23 days
568,Moderna,23,50-64,4,0,Jun 06-Jun 12,143640,0,>37 days
569,Moderna,23,65+,0,0,Jun 06-Jun 12,241957,0,<17 days
570,Moderna,23,65+,1,0,Jun 06-Jun 12,50131,0,17-23 days
571,Pfizer,23,18-49,4,0,Jun 06-Jun 12,109291,0,>37 days
572,Pfizer,23,50-64,0,0,Jun 06-Jun 12,66981,0,<17 days
573,Pfizer,23,50-64,4,0,Jun 06-Jun 12,69294,0,>37 days
574,Pfizer,23,65+,0,0,Jun 06-Jun 12,99398,0,<17 days
575,Moderna,24,18-49,0,0,Jun 13-Jun 19,49504,0,<17 days
576,Moderna,24,18-49,1,0,Jun 13-Jun 19,43439,0,17-23 days
577,Moderna,24,18-49,4,0,Jun 13-Jun 19,236405,0,>37 days
578,Moderna,24,50-64,0,0,Jun 13-Jun 19,49836,0,<17 days
579,Moderna,24,50-64,1,0,Jun 13-Jun 19,34874,0,17-23 days
580,Moderna,24,50-64,4,0,Jun 13-Jun 19,153385,0,>37 days
581,Moderna,24,65+,1,0,Jun 13-Jun 19,50511,0,17-23 days
582,Pfizer,24,18-49,4,0,Jun 13-Jun 19,123173,0,>37 days
583,Pfizer,24,50-64,4,0,Jun 13-Jun 19,74839,0,>37 days
584,Pfizer,24,65+,0,0,Jun 13-Jun 19,99664,0,<17 days
585,Moderna,25,18-49,0,0,Jun 20-Jun 26,50043,0,<17 days
586,Moderna,25,18-49,1,0,Jun 20-Jun 26,45234,0,17-23 days
587,Moderna,25,18-49,4,0,Jun 20-Jun 26,261171,0,>37 days
588,Moderna,25,50-64,0,0,Jun 20-Jun 26,50158,0,<17 days
589,Moderna,25,50-64,1,0,Jun 20-Jun 26,35705,0,17-23 days
590,Moderna,25,50-64,4,0,Jun 20-Jun 26,164099,0,>37 days
591,Moderna,25,65+,0,0,Jun 20-Jun 26,242385,0,<17 days
592,Moderna,25,65+,1,0,Jun 20-Jun 26,50922,0,17-23 days
593,Moderna,25,65+,4,0,Jun 20-Jun 26,228569,0,>37 days
594,Pfizer,25,50-64,4,0,Jun 20-Jun 26,80515,0,>37 days
595,Moderna,26,18-49,0,0,Jun 27-Jul 03,50470,0,<17 days
596,Moderna,26,18-49,1,0,Jun 27-Jul 03,46483,0,17-23 days
597,Moderna,26,50-64,0,0,Jun 27-Jul 03,50419,0,<17 days
598,Moderna,26,50-64,1,0,Jun 27-Jul 03,36301,0,17-23 days
599,Moderna,26,65+,0,0,Jun 27-Jul 03,242509,0,<17 days
600,Pfizer,26,65+,0,0,Jun 27-Jul 03,100084,0,<17 days
601,Pfizer,26,65+,3,0,Jun 27-Jul 03,161605,0,31-37 days
602,Moderna,27,18-49,0,0,Jul 04-Jul 10,50830,0,<17 days
603,Moderna,27,18-49,1,0,Jul 04-Jul 10,47419,0,17-23 days
604,Moderna,27,50-64,0,0,Jul 04-Jul 10,50579,0,<17 days
605,Moderna,27,50-64,1,0,Jul 04-Jul 10,36743,0,17-23 days
606,Pfizer,27,18-49,0,0,Jul 04-Jul 10,91742,0,<17 days
607,Pfizer,27,50-64,0,0,Jul 04-Jul 10,69018,0,<17 days
608,Pfizer,27,65+,0,0,Jul 04-Jul 10,100254,0,<17 days
609,Moderna,28,18-49,1,0,Jul 11-Jul 17,48245,0,17-23 days
610,Moderna,28,50-64,1,0,Jul 11-Jul 17,37056,0,17-23 days
611,Moderna,28,50-64,4,0,Jul 11-Jul 17,191791,0,>37 days
612,Moderna,28,65+,0,0,Jul 11-Jul 17,242713,0,<17 days
613,Moderna,28,65+,1,0,Jul 11-Jul 17,51645,0,17-23 days
614,Moderna,28,65+,4,0,Jul 11-Jul 17,241349,0,>37 days
615,Pfizer,28,50-64,4,0,Jul 11-Jul 17,97146,0,>37 days
616,Pfizer,28,65+,4,0,Jul 11-Jul 17,97321,0,>37 days
617,Moderna,29,18-49,1,0,Jul 18-Jul 24,49010,0,17-23 days
618,Moderna,29,50-64,0,0,Jul 18-Jul 24,50880,0,<17 days
619,Moderna,29,50-64,1,0,Jul 18-Jul 24,37364,0,17-23 days
620,Moderna,29,65+,0,0,Jul 18-Jul 24,242822,0,<17 days
621,Moderna,29,65+,1,0,Jul 18-Jul 24,51810,0,17-23 days
622,Pfizer,29,65+,4,0,Jul 18-Jul 24,99126,0,>37 days
623,Moderna,30,18-49,1,0,Jul 25-Jul 31,49733,0,17-23 days
624,Moderna,30,50-64,0,0,Jul 25-Jul 31,51022,0,<17 days
625,Moderna,30,50-64,1,0,Jul 25-Jul 31,37683,0,17-23 days
626,Moderna,31,18-49,1,0,Aug 01-Aug 07,50413,0,17-23 days
627,Moderna,31,50-64,0,0,Aug 01-Aug 07,51198,0,<17 days
628,Moderna,31,50-64,1,0,Aug 01-Aug 07,37959,0,17-23 days
629,Moderna,32,18-49,1,0,Aug 08-Aug 14,50888,0,17-23 days
630,Moderna,33,18-49,0,0,Aug 15-Aug 21,52676,0,<17 days
